block,backend,trial,batch_first_token_seconds,batch_completion_seconds,prefill_logical_input_tokens_per_second,complete_logical_input_tokens_per_second,requests_per_second,host_cached_tokens,device_cached_tokens,swa_replay_tokens
01_bounded_on_l2,bounded_on_l2,measure_00,1.582852536,1.741269126,41403.73061259068,37636.91609840213,4.594350109668229,63488,0,1024.0
01_bounded_on_l2,bounded_on_l2,measure_01,1.589432456,1.746487753,41232.32777373209,37524.45437274131,4.580621871672523,63488,0,1024.0
01_bounded_on_l2,bounded_on_l2,measure_02,1.582816248,1.740378438,41404.679843797,37656.17785710581,4.5967013985724865,63488,0,1024.0
01_bounded_on_l2,bounded_on_l2,measure_03,1.586075632,1.743056457,41319.593263885414,37598.32318500743,4.589639060669852,63488,0,1024.0
01_bounded_on_l2,bounded_on_l2,measure_04,1.588807763,1.746112168,41248.539644755,37532.525802775344,4.5816071536591,63488,0,1024.0
01_bounded_on_l2,bounded_on_l2,measure_05,1.581191649,1.738729629,41447.22117742478,37691.886597510784,4.601060375672703,63488,0,1024.0
01_bounded_on_l2,bounded_on_l2,measure_06,1.585671189,1.743354237,41330.132283812345,37591.901065830265,4.5888551105749835,63488,0,1024.0
01_bounded_on_l2,bounded_on_l2,measure_07,1.585924502,1.743646222,41323.53079692819,37585.60605535496,4.588086676679072,63488,0,1024.0
01_bounded_on_l2,bounded_on_l2,measure_08,1.586992459,1.744613025,41295.722376208214,37564.77743825167,4.585544120880331,63488,0,1024.0
01_bounded_on_l2,bounded_on_l2,measure_09,1.584412187,1.743038355,41362.97393930611,37598.713655385975,4.589686725510983,63488,0,1024.0
02_bounded_off_host,bounded_off_host,measure_00,0.341127271,0.474542888,192115.9800794701,138103.4289149435,16.85832872496869,63488,0,0.0
02_bounded_off_host,bounded_off_host,measure_01,0.34068348,0.474398662,192366.23977188446,138145.41492109012,16.863453969859634,63488,0,0.0
02_bounded_off_host,bounded_off_host,measure_02,0.339940945,0.472229041,192786.42647769305,138780.11369487122,16.94093184751846,63488,0,0.0
02_bounded_off_host,bounded_off_host,measure_03,0.337688789,0.471465226,194072.18165006954,139004.94964606361,16.96837764234175,63488,0,0.0
02_bounded_off_host,bounded_off_host,measure_04,0.341459243,0.47317823,191929.20192820785,138501.7227018242,16.906948572000026,63488,0,0.0
02_bounded_off_host,bounded_off_host,measure_05,0.341375039,0.474083549,191976.54342853112,138237.23716681846,16.874662740090145,63488,0,0.0
02_bounded_off_host,bounded_off_host,measure_06,0.342738801,0.475059483,191212.66634763073,137953.25079322752,16.839996434720156,63488,0,0.0
02_bounded_off_host,bounded_off_host,measure_07,0.342543479,0.476283408,191321.6978799938,137598.74666891608,16.79672200548292,63488,0,0.0
02_bounded_off_host,bounded_off_host,measure_08,0.34185823,0.476968674,191705.19896507976,137401.05707654922,16.7725899751647,63488,0,0.0
02_bounded_off_host,bounded_off_host,measure_09,0.340627369,0.472780823,192397.92795393371,138618.14357051448,16.92116010382257,63488,0,0.0
03_bounded_off_host,bounded_off_host,measure_00,0.346618233,0.480195211,189072.56964754072,136477.82922183286,16.65989126243077,63488,0,0.0
03_bounded_off_host,bounded_off_host,measure_01,0.342508218,0.475296581,191341.39432531808,137884.43388781708,16.83159593357142,63488,0,0.0
03_bounded_off_host,bounded_off_host,measure_02,0.349861633,0.482550101,187319.76821248073,135811.8045446228,16.578589421951026,63488,0,0.0
03_bounded_off_host,bounded_off_host,measure_03,0.344643825,0.477970667,190155.73541757202,137113.01660275314,16.737428784515764,63488,0,0.0
03_bounded_off_host,bounded_off_host,measure_04,0.345753426,0.478912205,189545.4826237933,136843.45338411245,16.70452311817779,63488,0,0.0
03_bounded_off_host,bounded_off_host,measure_05,0.344034188,0.47705513,190492.69603403483,137376.1560849372,16.76955030333706,63488,0,0.0
03_bounded_off_host,bounded_off_host,measure_06,0.343959792,0.476599602,190533.8982179638,137507.45851441144,16.78557843193499,63488,0,0.0
03_bounded_off_host,bounded_off_host,measure_07,0.34373072,0.476448773,190660.87546670254,137550.9891385532,16.790892228827296,63488,0,0.0
03_bounded_off_host,bounded_off_host,measure_08,0.346104875,0.480409685,189353.0104133899,136416.90008809877,16.652453624035495,63488,0,0.0
03_bounded_off_host,bounded_off_host,measure_09,0.341791864,0.474863158,191742.4225171141,138010.28548102273,16.846958676882657,63488,0,0.0
04_bounded_on_l2,bounded_on_l2,measure_00,1.588255529,1.745916903,41262.881698427256,37536.72347600841,4.582119564942433,63488,0,1024.0
04_bounded_on_l2,bounded_on_l2,measure_01,1.585036199,1.74266409,41346.68977361318,37606.7885808102,4.590672434180933,63488,0,1024.0
04_bounded_on_l2,bounded_on_l2,measure_02,1.582283698,1.739467507,41418.61543719198,37675.89778841439,4.599108616749803,63488,0,1024.0
04_bounded_on_l2,bounded_on_l2,measure_03,1.581801707,1.739007853,41431.23610878744,37685.856269678385,4.600324251669725,63488,0,1024.0
04_bounded_on_l2,bounded_on_l2,measure_04,1.584423794,1.741547483,41362.67092691742,37630.90047197984,4.5936157802709765,63488,0,1024.0
04_bounded_on_l2,bounded_on_l2,measure_05,1.584310419,1.741711407,41365.63088524384,37627.35877861768,4.5931834446554785,63488,0,1024.0
04_bounded_on_l2,bounded_on_l2,measure_06,1.571179012,1.727338854,41711.3514752067,37940.44222894554,4.631401639275579,63488,0,1024.0
04_bounded_on_l2,bounded_on_l2,measure_07,1.572537586,1.729052746,41675.31547955001,37902.83445754407,4.626810846868173,63488,0,1024.0
04_bounded_on_l2,bounded_on_l2,measure_08,1.574134718,1.730172994,41633.03130958579,37878.293226902606,4.6238150911746345,63488,0,1024.0
04_bounded_on_l2,bounded_on_l2,measure_09,1.572475661,1.729161627,41676.95667755076,37900.44781048105,4.626519508115362,63488,0,1024.0
