81761, GPU-f36553ec-83f5-0954-de1e-14020b44a6e2, 64
88185, GPU-f36553ec-83f5-0954-de1e-14020b44a6e2, 69012
91997, GPU-f36553ec-83f5-0954-de1e-14020b44a6e2, 614
91996, GPU-f36553ec-83f5-0954-de1e-14020b44a6e2, 614
81761, GPU-2eba6257-9bb3-2747-fc09-864946248a91, 64
88250, GPU-2eba6257-9bb3-2747-fc09-864946248a91, 69140
91997, GPU-2eba6257-9bb3-2747-fc09-864946248a91, 614
91996, GPU-2eba6257-9bb3-2747-fc09-864946248a91, 614
81761, GPU-4ade4928-6fdc-11af-38d9-7cf5fda387b9, 64
88316, GPU-4ade4928-6fdc-11af-38d9-7cf5fda387b9, 69140
91997, GPU-4ade4928-6fdc-11af-38d9-7cf5fda387b9, 614
91996, GPU-4ade4928-6fdc-11af-38d9-7cf5fda387b9, 614
81761, GPU-1894ac57-3a60-bdee-5ef9-6830f431eef1, 64
88384, GPU-1894ac57-3a60-bdee-5ef9-6830f431eef1, 69140
91997, GPU-1894ac57-3a60-bdee-5ef9-6830f431eef1, 614
91996, GPU-1894ac57-3a60-bdee-5ef9-6830f431eef1, 614
81761, GPU-dabaf8f8-5fff-31ab-f66d-9fb9eead5bb2, 64
88452, GPU-dabaf8f8-5fff-31ab-f66d-9fb9eead5bb2, 69140
91997, GPU-dabaf8f8-5fff-31ab-f66d-9fb9eead5bb2, 614
91996, GPU-dabaf8f8-5fff-31ab-f66d-9fb9eead5bb2, 614
81761, GPU-392f828f-0b3e-6754-56d8-f6625df4d807, 64
88521, GPU-392f828f-0b3e-6754-56d8-f6625df4d807, 69140
91997, GPU-392f828f-0b3e-6754-56d8-f6625df4d807, 614
91996, GPU-392f828f-0b3e-6754-56d8-f6625df4d807, 614
81761, GPU-6cd3d5d5-ea39-07b6-4919-57b4bcc17eb6, 64
88589, GPU-6cd3d5d5-ea39-07b6-4919-57b4bcc17eb6, 69140
91997, GPU-6cd3d5d5-ea39-07b6-4919-57b4bcc17eb6, 614
91996, GPU-6cd3d5d5-ea39-07b6-4919-57b4bcc17eb6, 614
81761, GPU-9e3c10fd-3faa-ac89-1e74-35586597f53e, 64
88656, GPU-9e3c10fd-3faa-ac89-1e74-35586597f53e, 68500
91997, GPU-9e3c10fd-3faa-ac89-1e74-35586597f53e, 614
91996, GPU-9e3c10fd-3faa-ac89-1e74-35586597f53e, 614
