block,mode,trial,batch_latency_seconds,batch_first_token_seconds,prefill_logical_input_tokens_per_second,logical_input_tokens_per_second,requests_per_second,cached_tokens_total,uncached_tokens_total,replay_tokens,cold_batch_seconds,output_equal_to_cold
01_bounded_on,bounded_on,measure_00,1.701409258,1.550570293,42265.739448163156,38518.65722009607,4.701984523937509,63488,2048,1024.0,1.770406979,True
01_bounded_on,bounded_on,measure_01,1.702389055,1.552301852,42218.59293381813,38496.48810154034,4.699278332707561,63488,2048,1024.0,1.773624173,True
01_bounded_on,bounded_on,measure_02,1.704113898,1.553370781,42189.54083699866,38457.52333627174,4.694521891634734,63488,2048,1024.0,1.770573023,True
01_bounded_on,bounded_on,measure_03,1.700584096,1.550082745,42279.033304122095,38537.347346802424,4.704266033545218,63488,2048,1024.0,1.770860702,True
01_bounded_on,bounded_on,measure_04,1.699071883,1.549104925,42305.72051147536,38571.6464710634,4.708452938362232,63488,2048,1024.0,1.771348156,True
01_bounded_on,bounded_on,measure_05,1.704852105,1.554763672,42151.74381820776,38440.871092451736,4.6924891470278,63488,2048,1024.0,1.772673909,True
01_bounded_on,bounded_on,measure_06,1.708366821,1.556602615,42101.9464881215,38361.78459707981,4.682835033823219,63488,2048,1024.0,1.775314661,True
01_bounded_on,bounded_on,measure_07,1.70324112,1.553411736,42188.42852877738,38477.229812300444,4.6969274673218315,63488,2048,1024.0,1.77367214,True
01_bounded_on,bounded_on,measure_08,1.702285308,1.552377141,42216.5453671802,38498.83429764055,4.6995647335987,63488,2048,1024.0,1.77408728,True
01_bounded_on,bounded_on,measure_09,1.705188595,1.554534826,42157.949055816134,38433.28543960851,4.691563164014711,63488,2048,1024.0,1.772618392,True
02_bounded_off,bounded_off,measure_00,0.38810404,0.273044466,240019.51389119163,168861.9371238702,20.613029434066185,63488,2048,0.0,1.374024648,True
02_bounded_off,bounded_off,measure_01,0.388889797,0.273749397,239401.44058107276,168520.74933711876,20.571380534316255,63488,2048,0.0,1.374370014,True
02_bounded_off,bounded_off,measure_02,0.390260149,0.274367123,238862.43833959656,167929.00881099186,20.49914658337303,63488,2048,0.0,1.375285649,True
02_bounded_off,bounded_off,measure_03,0.38990591,0.27472418,238551.9905819721,168081.57639877783,20.517770556491435,63488,2048,0.0,1.377128007,True
02_bounded_off,bounded_off,measure_04,0.389631769,0.274374448,238856.061407001,168199.8369080628,20.53220665381626,63488,2048,0.0,1.375652532,True
02_bounded_off,bounded_off,measure_05,0.386881956,0.271164471,241683.57955714632,169395.33876839682,20.678141939501565,63488,2048,0.0,1.374363519,True
02_bounded_off,bounded_off,measure_06,0.389265221,0.273318041,239779.2687237942,168358.22073094992,20.551540616571035,63488,2048,0.0,1.371864787,True
02_bounded_off,bounded_off,measure_07,0.389424922,0.274113746,239083.2307986481,168289.17795867208,20.543112543783213,63488,2048,0.0,1.379948118,True
02_bounded_off,bounded_off,measure_08,0.387719903,0.272194044,240769.41228001297,169029.23861507312,20.633451979379043,63488,2048,0.0,1.377920696,True
02_bounded_off,bounded_off,measure_09,0.388074802,0.272301781,240674.15115437674,168874.6593755912,20.614582443309473,63488,2048,0.0,1.378833865,True
03_bounded_off,bounded_off,measure_00,0.388338099,0.272047186,240899.3857411192,168760.1607175813,20.600605556345375,63488,2048,0.0,1.400784273,True
03_bounded_off,bounded_off,measure_01,0.390404002,0.274186627,239019.68056232005,167867.13164892196,20.491593218862544,63488,2048,0.0,1.411384187,True
03_bounded_off,bounded_off,measure_02,0.388406355,0.273069774,239997.2689763899,168730.5039074348,20.596985340263036,63488,2048,0.0,1.38987584,True
03_bounded_off,bounded_off,measure_03,0.388292136,0.273030376,240031.90033331673,168780.1372315199,20.60304409564452,63488,2048,0.0,1.371283058,True
03_bounded_off,bounded_off,measure_04,0.388051898,0.273144327,239931.76325423006,168884.6268701925,20.615799178490295,63488,2048,0.0,1.379684677,True
03_bounded_off,bounded_off,measure_05,0.387662474,0.272670586,240348.62344851528,169054.27890345664,20.63650865520711,63488,2048,0.0,1.377090951,True
03_bounded_off,bounded_off,measure_06,0.390044604,0.274738074,238539.9265774863,168021.8091159646,20.510474745601147,63488,2048,0.0,1.377861257,True
03_bounded_off,bounded_off,measure_07,0.388209503,0.273093938,239976.03344824156,168816.06321728812,20.607429591954116,63488,2048,0.0,1.377064629,True
03_bounded_off,bounded_off,measure_08,0.387892901,0.272265134,240706.54599497854,168953.85254807744,20.624249578622734,63488,2048,0.0,1.376435196,True
03_bounded_off,bounded_off,measure_09,0.38687391,0.272089088,240862.28698741496,169398.8617635136,20.678571992616405,63488,2048,0.0,1.376582327,True
04_bounded_on,bounded_on,measure_00,1.703912033,1.552827516,42204.30107319144,38462.07945642227,4.695078058645296,63488,2048,1024.0,1.770528211,True
04_bounded_on,bounded_on,measure_01,1.70292683,1.552403652,42215.824418841294,38484.331120674164,4.69779432625417,63488,2048,1024.0,1.773144669,True
04_bounded_on,bounded_on,measure_02,1.703758025,1.553135819,42195.92336888858,38465.55616370464,4.695502461389727,63488,2048,1024.0,1.772250348,True
04_bounded_on,bounded_on,measure_03,1.705131356,1.554364657,42162.5644309796,38434.57559406936,4.69172065357292,63488,2048,1024.0,1.772093904,True
04_bounded_on,bounded_on,measure_04,1.691558455,1.541879431,42503.97189454433,38742.97090135144,4.7293665651063765,63488,2048,1024.0,1.767872889,True
04_bounded_on,bounded_on,measure_05,1.687818173,1.538074923,42609.10767088815,38828.82709072478,4.73984705697324,63488,2048,1024.0,1.768221627,True
04_bounded_on,bounded_on,measure_06,1.689550203,1.539971116,42556.64234159571,38789.022003390564,4.734988037523262,63488,2048,1024.0,1.76978606,True
04_bounded_on,bounded_on,measure_07,1.695983208,1.546067385,42388.838051842096,38641.89202514793,4.7170278351010655,63488,2048,1024.0,1.773266933,True
04_bounded_on,bounded_on,measure_08,1.691956097,1.542011555,42500.3300315736,38733.86556317956,4.728255073630318,63488,2048,1024.0,1.771178329,True
04_bounded_on,bounded_on,measure_09,1.694504151,1.544564808,42430.07458188831,38675.62080702156,4.721145118044624,63488,2048,1024.0,1.770238107,True
